{
  "threshold": 1.5,
  "patterns": 24,
  "TP": 9,
  "TN": 18116,
  "FP": 2,
  "FN": 3765,
  "accuracy": 0.8279280102320482,
  "precision": 0.8181818181818182,
  "recall": 0.0023847376788553257,
  "f1": 0.0047556142668428005
}